,seriesInstanceUID,studyInstanceUID,info,brief_info,more_brief_info
0,1.3.12.2.1107.5.1.4.60320.30000016030400171623200025837,1.2.392.200046.100.14.20160302001630238,DE  DE_CarotidAngio  1.0  D30f  M_0.3,M_0.3,Mix
1,1.3.12.2.1107.5.1.4.60320.30000016030400014052500003292,1.2.392.200046.100.14.20160302001630238,DE  DE_CarotidAngio  1.0  D30f  A_140kV,A_140kV,H
2,1.3.12.2.1107.5.1.4.60320.30000016030400014052500003293,1.2.392.200046.100.14.20160302001630238,DE  DE_CarotidAngio  1.0  D30f  B_80kV,B_80kV,L
3,1.3.12.2.1107.5.99.2.9594.30000016030213261042100008237,1.2.392.200046.100.14.20160302001630238,DualEnergy BoneRemovalHead Suppressed #1,Suppressed,Suppressed
4,1.3.12.2.1107.5.1.4.60320.30020116030401473579800000132,1.2.392.200046.100.14.20160302001630238,<VRT Collection>,,
5,1.3.12.2.1107.5.1.4.60320.30020116030401473579800000095,1.2.392.200046.100.14.20160302001630238,<MIP Collection>,,
6,1.3.12.2.1107.5.1.4.60320.30000016010900180979300032875,1.2.392.200046.100.14.2016010900061637,DE  DE_CarotidAngio  1.0  D30f  M_0.3,M_0.3,Mix
7,1.3.12.2.1107.5.1.4.60320.30000016010900045846700004588,1.2.392.200046.100.14.2016010900061637,DE  DE_CarotidAngio  1.0  D30f  A_140kV,A_140kV,H
8,1.3.12.2.1107.5.1.4.60320.30000016010900045846700004589,1.2.392.200046.100.14.2016010900061637,DE  DE_CarotidAngio  1.0  D30f  B_80kV,B_80kV,L
9,1.3.12.2.1107.5.99.2.9594.30000016010904522334300001290,1.2.392.200046.100.14.2016010900061637,DualEnergy BoneRemovalHead Suppressed #1,Suppressed,Suppressed
10,1.3.12.2.1107.5.99.2.9594.30000016010904522973400000118,1.2.392.200046.100.14.2016010900061637,<MIP Collection>,,
11,1.3.12.2.1107.5.99.2.9594.30000016010904522973400000133,1.2.392.200046.100.14.2016010900061637,<VRT Collection>,,
12,1.3.12.2.1107.5.1.4.60320.30000016030500085634300026486,1.2.392.200046.100.14.20160304008228489,DE  DE_CarotidAngio  1.0  D30f  M_0.3,M_0.3,Mix
13,1.3.12.2.1107.5.1.4.60320.30000016030423515005300002375,1.2.392.200046.100.14.20160304008228489,DE  DE_CarotidAngio  1.0  D30f  A_140kV,A_140kV,H
14,1.3.12.2.1107.5.1.4.60320.30000016030423515005300002376,1.2.392.200046.100.14.20160304008228489,DE  DE_CarotidAngio  1.0  D30f  B_80kV,B_80kV,L
15,1.3.12.2.1107.5.99.2.9594.30000016030116121429600030903,1.2.392.200046.100.14.20160304008228489,<MIP Collection>,,
16,1.3.12.2.1107.5.99.2.9594.30000016030116121429600030908,1.2.392.200046.100.14.20160304008228489,<VRT Collection[1]>,,
17,1.3.12.2.1107.5.1.4.60320.30000016011500371504400013253,1.2.392.200046.100.14.2016011400423434,DE  DE_HeadAngio  1.0  D30f  M_0.3,M_0.3,Mix
18,1.3.12.2.1107.5.1.4.60320.30000016011423524161800001774,1.2.392.200046.100.14.2016011400423434,DE  DE_HeadAngio  1.0  D30f  A_140kV,A_140kV,H
19,1.3.12.2.1107.5.1.4.60320.30000016011423524161800001775,1.2.392.200046.100.14.2016011400423434,DE  DE_HeadAngio  1.0  D30f  B_80kV,B_80kV,L
20,1.3.12.2.1107.5.99.2.9594.30000016011300340965600017283,1.2.392.200046.100.14.2016011400423434,<MIP Collection>,,
21,1.3.12.2.1107.5.99.2.9594.30000016011300340965600017316,1.2.392.200046.100.14.2016011400423434,<VRT Collection>,,
22,1.3.12.2.1107.5.1.4.60320.30000016010600274431100052489,1.2.392.200046.100.14.20160106001620072,DE  DE_CarotidAngio  1.0  D30f  M_0.3,M_0.3,Mix
23,1.3.12.2.1107.5.1.4.60320.30000016010600161309800004654,1.2.392.200046.100.14.20160106001620072,DE  DE_CarotidAngio  1.0  D30f  A_140kV,A_140kV,H
24,1.3.12.2.1107.5.1.4.60320.30000016010600161309800004655,1.2.392.200046.100.14.20160106001620072,DE  DE_CarotidAngio  1.0  D30f  B_80kV,B_80kV,L
25,1.3.12.2.1107.5.99.2.9594.30000016010515181329600009381,1.2.392.200046.100.14.20160106001620072,<VRT Collection>,,
26,1.3.12.2.1107.5.99.2.9594.30000016010515181329600009364,1.2.392.200046.100.14.20160106001620072,<MIP Collection>,,
27,1.3.12.2.1107.5.1.4.60320.30000016030700205970300000897,1.2.392.200046.100.14.20160305000411478,DE  DE_CarotidAngio  1.0  D30f  M_0.3,M_0.3,Mix
28,1.3.12.2.1107.5.1.4.60320.30000016030623590927600000081,1.2.392.200046.100.14.20160305000411478,DE  DE_CarotidAngio  1.0  D30f  A_140kV,A_140kV,H
29,1.3.12.2.1107.5.1.4.60320.30000016030623590927600000082,1.2.392.200046.100.14.20160305000411478,DE  DE_CarotidAngio  1.0  D30f  B_80kV,B_80kV,L
30,1.3.12.2.1107.5.99.2.9594.30000016030116121429600032683,1.2.392.200046.100.14.20160305000411478,<VRT Collection>,,
31,1.3.12.2.1107.5.99.2.9594.30000016030116121429600032645,1.2.392.200046.100.14.20160305000411478,<MIP Collection>,,
32,1.3.12.2.1107.5.1.4.60320.30000016030200150804100073557,1.2.392.200046.100.14.20160302000818008,DE  DE_CarotidAngio  1.0  D30f  M_0.3,M_0.3,Mix
33,1.3.12.2.1107.5.1.4.60320.30000016030123561759300007653,1.2.392.200046.100.14.20160302000818008,DE  DE_CarotidAngio  1.0  D30f  A_140kV,A_140kV,H
34,1.3.12.2.1107.5.1.4.60320.30000016030123561759300007654,1.2.392.200046.100.14.20160302000818008,DE  DE_CarotidAngio  1.0  D30f  B_80kV,B_80kV,L
35,1.3.12.2.1107.5.99.2.9594.30000016030213261042100002820,1.2.392.200046.100.14.20160302000818008,DualEnergy BoneRemovalHead Suppressed #1,Suppressed,Suppressed
36,1.3.12.2.1107.5.99.2.9594.30000016030116121429600006826,1.2.392.200046.100.14.20160302000818008,<MIP Collection>,,
37,1.3.12.2.1107.5.99.2.9594.30000016030116121429600006912,1.2.392.200046.100.14.20160302000818008,<VRT Collection>,,
38,1.3.12.2.1107.5.1.4.60320.30000016022600054679500002975,1.2.392.200046.100.14.2016022500592995,DE  DE_CarotidAngio  1.0  D30f  M_0.3,M_0.3,Mix
39,1.3.12.2.1107.5.1.4.60320.30000016022523482733200000285,1.2.392.200046.100.14.2016022500592995,DE  DE_CarotidAngio  1.0  D30f  A_140kV,A_140kV,H
40,1.3.12.2.1107.5.1.4.60320.30000016022523482733200000286,1.2.392.200046.100.14.2016022500592995,DE  DE_CarotidAngio  1.0  D30f  B_80kV,B_80kV,L
41,1.3.12.2.1107.5.99.2.9594.30000016022401534120300015135,1.2.392.200046.100.14.2016022500592995,<MIP Collection>,,
42,1.3.12.2.1107.5.99.2.9594.30000016022401534120300015140,1.2.392.200046.100.14.2016022500592995,<VRT Collection>,,
43,1.3.12.2.1107.5.1.4.60320.30000016020200181279400001156,1.2.392.200046.100.14.20160201001015724,DE  DE_CarotidAngio  1.0  D30f  M_0.3,M_0.3,Mix
44,1.3.12.2.1107.5.1.4.60320.30000016020123595496100000092,1.2.392.200046.100.14.20160201001015724,DE  DE_CarotidAngio  1.0  D30f  A_140kV,A_140kV,H
45,1.3.12.2.1107.5.1.4.60320.30000016020123595496100000093,1.2.392.200046.100.14.20160201001015724,DE  DE_CarotidAngio  1.0  D30f  B_80kV,B_80kV,L
46,1.3.12.2.1107.5.99.2.9594.30000016013000214946800022498,1.2.392.200046.100.14.20160201001015724,<VRT Collection>,,
47,1.3.12.2.1107.5.99.2.9594.30000016013000214946800022493,1.2.392.200046.100.14.20160201001015724,<MIP Collection>,,
48,1.3.12.2.1107.5.1.4.60320.30000016022903363034000058121,1.2.392.200046.100.14.20160301000328019,DE  DE_CarotidAngio  1.0  D30f  M_0.3,M_0.3,Mix
49,1.3.12.2.1107.5.1.4.60320.30000016022903354499600006553,1.2.392.200046.100.14.20160301000328019,DE  DE_CarotidAngio  1.0  D30f  A_140kV,A_140kV,H
50,1.3.12.2.1107.5.1.4.60320.30000016022903354499600006554,1.2.392.200046.100.14.20160301000328019,DE  DE_CarotidAngio  1.0  D30f  B_80kV,B_80kV,L
51,1.3.12.2.1107.5.99.2.9594.30000016030112033145300000829,1.2.392.200046.100.14.20160301000328019,<VRT Collection>,,
52,1.3.12.2.1107.5.99.2.9594.30000016030112033145300000824,1.2.392.200046.100.14.20160301000328019,<MIP Collection>,,
